{"soundValue":0.6490120887756348,"musicValue":0.8653198480606079}